stage,bullet_count,global_episode,episode,seed,passed,teacher_survival_seconds,termination_reason,steps,minimum_wall_distance,death_plane_center_x,death_plane_center_y,death_action,collision_bullet_count,collision_bullet_indices,collision_bullet_index,collision_bullet_x,collision_bullet_y,collision_bullet_vx,collision_bullet_vy,collision_bullet_targeted
3,350,600,0,1190200320,1,120.0,time_limit,3600,62.1614990234375,,,,0,,,,,,,
3,350,601,1,1745701379,1,120.0,time_limit,3600,73.2353515625,,,,0,,,,,,,
3,350,602,2,1444533253,1,120.0,time_limit,3600,62.8330078125,,,,0,,,,,,,
3,350,603,3,314001927,1,120.0,time_limit,3600,72.028564453125,,,,0,,,,,,,
3,350,604,4,275044359,1,120.0,time_limit,3600,72.11834716796875,,,,0,,,,,,,
3,350,605,5,1853126666,1,120.0,time_limit,3600,59.248565673828125,,,,0,,,,,,,
3,350,606,6,1473839118,1,120.0,time_limit,3600,62.00653076171875,,,,0,,,,,,,
3,350,607,7,1814003732,1,120.0,time_limit,3600,60.312744140625,,,,0,,,,,,,
3,350,608,8,1608315926,1,120.0,time_limit,3600,71.3670654296875,,,,0,,,,,,,
3,350,609,9,475070488,1,120.0,time_limit,3600,55.313720703125,,,,0,,,,,,,
3,350,610,10,1491605529,1,120.0,time_limit,3600,64.8343505859375,,,,0,,,,,,,
3,350,611,11,976208411,1,120.0,time_limit,3600,73.80718994140625,,,,0,,,,,,,
3,350,612,12,1262260251,1,120.0,time_limit,3600,66.75198364257812,,,,0,,,,,,,
3,350,613,13,854573084,1,120.0,time_limit,3600,72.756103515625,,,,0,,,,,,,
3,350,614,14,1727191069,1,120.0,time_limit,3600,38.22088623046875,,,,0,,,,,,,
3,350,615,15,1668590111,1,120.0,time_limit,3600,71.9510498046875,,,,0,,,,,,,
3,350,616,16,1526961186,1,120.0,time_limit,3600,55.54718017578125,,,,0,,,,,,,
3,350,617,17,716377635,1,120.0,time_limit,3600,64.021484375,,,,0,,,,,,,
3,350,618,18,2043357732,1,120.0,time_limit,3600,62.300018310546875,,,,0,,,,,,,
3,350,619,19,44132386,1,120.0,time_limit,3600,71.36343383789062,,,,0,,,,,,,
3,350,620,20,1185027622,1,120.0,time_limit,3600,72.68655395507812,,,,0,,,,,,,
3,350,621,21,642315302,1,120.0,time_limit,3600,61.2061767578125,,,,0,,,,,,,
3,350,622,22,1792209960,1,120.0,time_limit,3600,72.02322387695312,,,,0,,,,,,,
3,350,623,23,1053145129,1,120.0,time_limit,3600,73.39453125,,,,0,,,,,,,
3,350,624,24,714034218,1,120.0,time_limit,3600,70.65106201171875,,,,0,,,,,,,
3,350,625,25,2143811625,1,120.0,time_limit,3600,73.06890869140625,,,,0,,,,,,,
3,350,626,26,1496186410,1,120.0,time_limit,3600,72.101318359375,,,,0,,,,,,,
3,350,627,27,661332525,1,120.0,time_limit,3600,44.235076904296875,,,,0,,,,,,,
3,350,628,28,1773013039,1,120.0,time_limit,3600,63.382476806640625,,,,0,,,,,,,
3,350,629,29,924610096,1,120.0,time_limit,3600,72.26788330078125,,,,0,,,,,,,
3,350,630,30,1186199602,1,120.0,time_limit,3600,72.5225830078125,,,,0,,,,,,,
3,350,631,31,1038353974,1,120.0,time_limit,3600,47.406494140625,,,,0,,,,,,,
3,350,632,32,505375290,1,120.0,time_limit,3600,53.51190185546875,,,,0,,,,,,,
3,350,633,33,1742235200,1,120.0,time_limit,3600,72.5865478515625,,,,0,,,,,,,
3,350,634,34,502196288,1,120.0,time_limit,3600,53.03973388671875,,,,0,,,,,,,
3,350,635,35,54051397,1,120.0,time_limit,3600,72.75765991210938,,,,0,,,,,,,
3,350,636,36,330259528,1,120.0,time_limit,3600,50.462646484375,,,,0,,,,,,,
3,350,637,37,408926282,1,120.0,time_limit,3600,69.94085693359375,,,,0,,,,,,,
3,350,638,38,151066699,1,120.0,time_limit,3600,72.3817138671875,,,,0,,,,,,,
3,350,639,39,1640480844,1,120.0,time_limit,3600,62.08770751953125,,,,0,,,,,,,
3,350,640,40,958931531,1,120.0,time_limit,3600,68.70925903320312,,,,0,,,,,,,
3,350,641,41,2138799184,1,120.0,time_limit,3600,74.3756103515625,,,,0,,,,,,,
3,350,642,42,59487313,1,120.0,time_limit,3600,68.13812255859375,,,,0,,,,,,,
3,350,643,43,1569002580,1,120.0,time_limit,3600,70.16259765625,,,,0,,,,,,,
3,350,644,44,1818473557,1,120.0,time_limit,3600,68.30410766601562,,,,0,,,,,,,
3,350,645,45,2115901529,1,120.0,time_limit,3600,63.39349365234375,,,,0,,,,,,,
3,350,646,46,542760538,1,120.0,time_limit,3600,50.461883544921875,,,,0,,,,,,,
3,350,647,47,1778649695,1,120.0,time_limit,3600,64.8330078125,,,,0,,,,,,,
3,350,648,48,66808416,1,120.0,time_limit,3600,72.5888671875,,,,0,,,,,,,
3,350,649,49,1835524193,1,120.0,time_limit,3600,73.4912109375,,,,0,,,,,,,
3,350,650,50,2061523039,1,120.0,time_limit,3600,72.1973876953125,,,,0,,,,,,,
3,350,651,51,827456610,1,120.0,time_limit,3600,70.079345703125,,,,0,,,,,,,
3,350,652,52,1345445477,1,120.0,time_limit,3600,71.787109375,,,,0,,,,,,,
3,350,653,53,1722064486,1,120.0,time_limit,3600,66.0380859375,,,,0,,,,,,,
3,350,654,54,1335292519,1,120.0,time_limit,3600,65.490234375,,,,0,,,,,,,
3,350,655,55,648503913,1,120.0,time_limit,3600,69.616455078125,,,,0,,,,,,,
3,350,656,56,177308266,1,120.0,time_limit,3600,58.274658203125,,,,0,,,,,,,
3,350,657,57,1586200171,1,120.0,time_limit,3600,72.19244384765625,,,,0,,,,,,,
3,350,658,58,331747435,1,120.0,time_limit,3600,62.65069580078125,,,,0,,,,,,,
3,350,659,59,875454061,1,120.0,time_limit,3600,64.447021484375,,,,0,,,,,,,
3,350,660,60,1179656811,1,120.0,time_limit,3600,72.11859130859375,,,,0,,,,,,,
3,350,661,61,2055158386,1,120.0,time_limit,3600,64.11767578125,,,,0,,,,,,,
3,350,662,62,1185284723,1,120.0,time_limit,3600,72.2850341796875,,,,0,,,,,,,
3,350,663,63,1683569779,1,120.0,time_limit,3600,67.01336669921875,,,,0,,,,,,,
3,350,664,64,1268090995,1,120.0,time_limit,3600,72.3521728515625,,,,0,,,,,,,
3,350,665,65,1125949556,1,120.0,time_limit,3600,72.90338134765625,,,,0,,,,,,,
3,350,666,66,316870263,1,120.0,time_limit,3600,72.02151489257812,,,,0,,,,,,,
3,350,667,67,1002462839,1,120.0,time_limit,3600,46.00897216796875,,,,0,,,,,,,
3,350,668,68,2010051191,1,120.0,time_limit,3600,70.2833251953125,,,,0,,,,,,,
3,350,669,69,394160762,1,120.0,time_limit,3600,70.654052734375,,,,0,,,,,,,
3,350,670,70,1490222715,1,120.0,time_limit,3600,64.26983642578125,,,,0,,,,,,,
3,350,671,71,755289718,1,120.0,time_limit,3600,62.81500244140625,,,,0,,,,,,,
3,350,672,72,939696253,1,120.0,time_limit,3600,68.313720703125,,,,0,,,,,,,
3,350,673,73,1978493059,1,120.0,time_limit,3600,56.52398681640625,,,,0,,,,,,,
3,350,674,74,1271988356,0,100.175,collision,3006,48.85260009765625,251.87191772460938,56.266815185546875,7,1,260,260,255.70297241210938,62.97085189819336,36.619140625,-237.18988037109375,1
3,350,675,75,252401799,1,120.0,time_limit,3600,66.20904541015625,,,,0,,,,,,,
3,350,676,76,1333148808,1,120.0,time_limit,3600,72.43280029296875,,,,0,,,,,,,
3,350,677,77,276810378,1,120.0,time_limit,3600,72.09814453125,,,,0,,,,,,,
3,350,678,78,1290696331,1,120.0,time_limit,3600,42.69903564453125,,,,0,,,,,,,
3,350,679,79,366904970,1,120.0,time_limit,3600,65.07281494140625,,,,0,,,,,,,
3,350,680,80,1111426701,1,120.0,time_limit,3600,65.9713134765625,,,,0,,,,,,,
3,350,681,81,831173772,1,120.0,time_limit,3600,30.98455810546875,,,,0,,,,,,,
3,350,682,82,578543247,1,120.0,time_limit,3600,61.34771728515625,,,,0,,,,,,,
3,350,683,83,47723663,1,120.0,time_limit,3600,67.25042724609375,,,,0,,,,,,,
3,350,684,84,2057016465,1,120.0,time_limit,3600,72.43408203125,,,,0,,,,,,,
3,350,685,85,1449924241,1,120.0,time_limit,3600,72.50390625,,,,0,,,,,,,
3,350,686,86,1359224467,1,120.0,time_limit,3600,72.52285766601562,,,,0,,,,,,,
3,350,687,87,1797040269,1,120.0,time_limit,3600,58.8646240234375,,,,0,,,,,,,
3,350,688,88,2125956758,1,120.0,time_limit,3600,67.902099609375,,,,0,,,,,,,
3,350,689,89,980403350,1,120.0,time_limit,3600,66.5545654296875,,,,0,,,,,,,
3,350,690,90,242105498,1,120.0,time_limit,3600,69.302734375,,,,0,,,,,,,
3,350,691,91,955550875,1,120.0,time_limit,3600,67.676513671875,,,,0,,,,,,,
3,350,692,92,90383516,1,120.0,time_limit,3600,74.02804565429688,,,,0,,,,,,,
3,350,693,93,1634381978,1,120.0,time_limit,3600,69.37298583984375,,,,0,,,,,,,
3,350,694,94,4412577,1,120.0,time_limit,3600,61.921630859375,,,,0,,,,,,,
3,350,695,95,588840610,1,120.0,time_limit,3600,60.31365966796875,,,,0,,,,,,,
3,350,696,96,1497476259,1,120.0,time_limit,3600,72.2891845703125,,,,0,,,,,,,
3,350,697,97,12808867,1,120.0,time_limit,3600,66.78982543945312,,,,0,,,,,,,
3,350,698,98,1941816485,1,120.0,time_limit,3600,22.34423828125,,,,0,,,,,,,
3,350,699,99,1554794147,1,120.0,time_limit,3600,67.1016845703125,,,,0,,,,,,,
3,350,700,100,128930473,1,120.0,time_limit,3600,72.1697998046875,,,,0,,,,,,,
3,350,701,101,131318443,1,120.0,time_limit,3600,68.2176513671875,,,,0,,,,,,,
3,350,702,102,1259838636,1,120.0,time_limit,3600,60.9736328125,,,,0,,,,,,,
3,350,703,103,1833812143,1,120.0,time_limit,3600,63.0797119140625,,,,0,,,,,,,
3,350,704,104,351997107,1,120.0,time_limit,3600,67.66650390625,,,,0,,,,,,,
3,350,705,105,652386995,1,120.0,time_limit,3600,54.0098876953125,,,,0,,,,,,,
3,350,706,106,1568629941,1,120.0,time_limit,3600,72.25421142578125,,,,0,,,,,,,
3,350,707,107,1689539766,1,120.0,time_limit,3600,24.92218017578125,,,,0,,,,,,,
3,350,708,108,37273270,1,120.0,time_limit,3600,72.019775390625,,,,0,,,,,,,
3,350,709,109,341001399,1,120.0,time_limit,3600,74.20770263671875,,,,0,,,,,,,
3,350,710,110,1645663932,1,120.0,time_limit,3600,72.3411865234375,,,,0,,,,,,,
3,350,711,111,1732117696,1,120.0,time_limit,3600,54.5638427734375,,,,0,,,,,,,
3,350,712,112,186891971,1,120.0,time_limit,3600,64.992431640625,,,,0,,,,,,,
3,350,713,113,178356421,1,120.0,time_limit,3600,72.05224609375,,,,0,,,,,,,
3,350,714,114,1214228678,1,120.0,time_limit,3600,67.26666259765625,,,,0,,,,,,,
3,350,715,115,1660034245,1,120.0,time_limit,3600,64.686279296875,,,,0,,,,,,,
3,350,716,116,1550989515,1,120.0,time_limit,3600,64.927001953125,,,,0,,,,,,,
3,350,717,117,1629702349,1,120.0,time_limit,3600,52.385711669921875,,,,0,,,,,,,
3,350,718,118,1529757903,1,120.0,time_limit,3600,69.2100830078125,,,,0,,,,,,,
3,350,719,119,1914449616,1,120.0,time_limit,3600,72.02658081054688,,,,0,,,,,,,
3,350,720,120,1095828179,1,120.0,time_limit,3600,72.26495361328125,,,,0,,,,,,,
3,350,721,121,1049361619,1,120.0,time_limit,3600,41.56396484375,,,,0,,,,,,,
3,350,722,122,1719748308,1,120.0,time_limit,3600,62.079345703125,,,,0,,,,,,,
3,350,723,123,757432531,1,120.0,time_limit,3600,72.45071411132812,,,,0,,,,,,,
3,350,724,124,1320023767,1,120.0,time_limit,3600,72.2679443359375,,,,0,,,,,,,
3,350,725,125,1564403415,1,120.0,time_limit,3600,72.2659912109375,,,,0,,,,,,,
3,350,726,126,1959330009,1,120.0,time_limit,3600,68.6678466796875,,,,0,,,,,,,
3,350,727,127,1053216985,1,120.0,time_limit,3600,58.6263427734375,,,,0,,,,,,,
3,350,728,128,932055259,1,120.0,time_limit,3600,73.231201171875,,,,0,,,,,,,
3,350,729,129,1232206556,1,120.0,time_limit,3600,74.13180541992188,,,,0,,,,,,,
3,350,730,130,1187129053,1,120.0,time_limit,3600,66.3731689453125,,,,0,,,,,,,
3,350,731,131,256904924,1,120.0,time_limit,3600,72.189208984375,,,,0,,,,,,,
3,350,732,132,1947754205,1,120.0,time_limit,3600,66.61016845703125,,,,0,,,,,,,
3,350,733,133,1257498336,1,120.0,time_limit,3600,72.02764892578125,,,,0,,,,,,,
3,350,734,134,159885537,1,120.0,time_limit,3600,71.78631591796875,,,,0,,,,,,,
3,350,735,135,1791227616,1,120.0,time_limit,3600,50.612060546875,,,,0,,,,,,,
3,350,736,136,746909923,1,120.0,time_limit,3600,68.881103515625,,,,0,,,,,,,
3,350,737,137,1982334180,1,120.0,time_limit,3600,63.55291748046875,,,,0,,,,,,,
3,350,738,138,1397741284,1,120.0,time_limit,3600,70.01028442382812,,,,0,,,,,,,
3,350,739,139,1242591462,1,120.0,time_limit,3600,64.59716796875,,,,0,,,,,,,
3,350,740,140,1325204709,1,120.0,time_limit,3600,68.23541259765625,,,,0,,,,,,,
3,350,741,141,1410798312,1,120.0,time_limit,3600,68.16326904296875,,,,0,,,,,,,
3,350,742,142,1886680808,1,120.0,time_limit,3600,63.86279296875,,,,0,,,,,,,
3,350,743,143,1948237539,1,120.0,time_limit,3600,72.35247802734375,,,,0,,,,,,,
3,350,744,144,1986050795,1,120.0,time_limit,3600,60.54815673828125,,,,0,,,,,,,
3,350,745,145,801835756,1,120.0,time_limit,3600,65.7947998046875,,,,0,,,,,,,
3,350,746,146,1400580842,1,120.0,time_limit,3600,61.9234619140625,,,,0,,,,,,,
3,350,747,147,769303790,1,120.0,time_limit,3600,72.66510009765625,,,,0,,,,,,,
3,350,748,148,229372142,1,120.0,time_limit,3600,67.6744384765625,,,,0,,,,,,,
3,350,749,149,1712491757,1,120.0,time_limit,3600,73.1856689453125,,,,0,,,,,,,
3,350,750,150,1199734513,1,120.0,time_limit,3600,67.7626953125,,,,0,,,,,,,
3,350,751,151,1359699188,1,120.0,time_limit,3600,72.125244140625,,,,0,,,,,,,
3,350,752,152,1644416246,1,120.0,time_limit,3600,68.00070190429688,,,,0,,,,,,,
3,350,753,153,1349624567,1,120.0,time_limit,3600,70.649658203125,,,,0,,,,,,,
3,350,754,154,701904120,1,120.0,time_limit,3600,65.3040771484375,,,,0,,,,,,,
3,350,755,155,675102457,1,120.0,time_limit,3600,58.392242431640625,,,,0,,,,,,,
3,350,756,156,523101433,1,120.0,time_limit,3600,72.519287109375,,,,0,,,,,,,
3,350,757,157,1365413627,1,120.0,time_limit,3600,57.0687255859375,,,,0,,,,,,,
3,350,758,158,1369057020,1,120.0,time_limit,3600,72.028564453125,,,,0,,,,,,,
3,350,759,159,1454987006,1,120.0,time_limit,3600,68.2313232421875,,,,0,,,,,,,
3,350,760,160,1620066561,1,120.0,time_limit,3600,68.955322265625,,,,0,,,,,,,
3,350,761,161,1124119299,1,120.0,time_limit,3600,67.787353515625,,,,0,,,,,,,
3,350,762,162,1168922371,1,120.0,time_limit,3600,53.91729736328125,,,,0,,,,,,,
3,350,763,163,1205319941,1,120.0,time_limit,3600,70.5665283203125,,,,0,,,,,,,
3,350,764,164,993705222,1,120.0,time_limit,3600,72.11639404296875,,,,0,,,,,,,
3,350,765,165,1822279431,1,120.0,time_limit,3600,42.0577392578125,,,,0,,,,,,,
3,350,766,166,807295751,1,120.0,time_limit,3600,72.00823974609375,,,,0,,,,,,,
3,350,767,167,1103256328,1,120.0,time_limit,3600,72.6021728515625,,,,0,,,,,,,
3,350,768,168,1132311817,1,120.0,time_limit,3600,58.752685546875,,,,0,,,,,,,
3,350,769,169,1739632398,1,120.0,time_limit,3600,72.1199951171875,,,,0,,,,,,,
3,350,770,170,1748192531,1,120.0,time_limit,3600,71.61856079101562,,,,0,,,,,,,
3,350,771,171,1198023446,1,120.0,time_limit,3600,60.803955078125,,,,0,,,,,,,
3,350,772,172,1738943254,1,120.0,time_limit,3600,69.2755126953125,,,,0,,,,,,,
3,350,773,173,282177815,1,120.0,time_limit,3600,67.48080444335938,,,,0,,,,,,,
3,350,774,174,134365463,1,120.0,time_limit,3600,57.4019775390625,,,,0,,,,,,,
3,350,775,175,1707451162,1,120.0,time_limit,3600,72.19439697265625,,,,0,,,,,,,
3,350,776,176,1518628125,1,120.0,time_limit,3600,72.264892578125,,,,0,,,,,,,
3,350,777,177,201303838,1,120.0,time_limit,3600,39.932373046875,,,,0,,,,,,,
3,350,778,178,873336093,1,120.0,time_limit,3600,72.04501342773438,,,,0,,,,,,,
3,350,779,179,1538230048,1,120.0,time_limit,3600,55.05841064453125,,,,0,,,,,,,
3,350,780,180,982504738,1,120.0,time_limit,3600,65.40313720703125,,,,0,,,,,,,
3,350,781,181,1487987491,1,120.0,time_limit,3600,72.0294189453125,,,,0,,,,,,,
3,350,782,182,99247906,1,120.0,time_limit,3600,73.08493041992188,,,,0,,,,,,,
3,350,783,183,1645831973,1,120.0,time_limit,3600,70.3431396484375,,,,0,,,,,,,
3,350,784,184,378192684,1,120.0,time_limit,3600,67.3612060546875,,,,0,,,,,,,
3,350,785,185,755748141,1,120.0,time_limit,3600,69.60971069335938,,,,0,,,,,,,
3,350,786,186,1094968620,1,120.0,time_limit,3600,72.197998046875,,,,0,,,,,,,
3,350,787,187,167838511,1,120.0,time_limit,3600,68.8037109375,,,,0,,,,,,,
3,350,788,188,1067626801,1,120.0,time_limit,3600,56.9241943359375,,,,0,,,,,,,
3,350,789,189,1835778354,1,120.0,time_limit,3600,67.98126220703125,,,,0,,,,,,,
3,350,790,190,17968437,1,120.0,time_limit,3600,72.61358642578125,,,,0,,,,,,,
3,350,791,191,1752587063,1,120.0,time_limit,3600,73.06884765625,,,,0,,,,,,,
3,350,792,192,656377657,1,120.0,time_limit,3600,72.80233764648438,,,,0,,,,,,,
3,350,793,193,1522029370,1,120.0,time_limit,3600,72.76409912109375,,,,0,,,,,,,
3,350,794,194,1367223612,1,120.0,time_limit,3600,40.52093505859375,,,,0,,,,,,,
3,350,795,195,1948643645,1,120.0,time_limit,3600,51.9102783203125,,,,0,,,,,,,
3,350,796,196,602599228,1,120.0,time_limit,3600,58.79443359375,,,,0,,,,,,,
3,350,797,197,1365411136,1,120.0,time_limit,3600,63.95391845703125,,,,0,,,,,,,
3,350,798,198,403729217,1,120.0,time_limit,3600,59.3443603515625,,,,0,,,,,,,
3,350,799,199,1652930882,1,120.0,time_limit,3600,53.900909423828125,,,,0,,,,,,,
3,350,800,200,697633603,1,120.0,time_limit,3600,63.2264404296875,,,,0,,,,,,,
3,350,801,201,1947261253,1,120.0,time_limit,3600,65.82080078125,,,,0,,,,,,,
3,350,802,202,1986108230,1,120.0,time_limit,3600,67.907958984375,,,,0,,,,,,,
3,350,803,203,1149169992,1,120.0,time_limit,3600,57.5589599609375,,,,0,,,,,,,
3,350,804,204,889802058,1,120.0,time_limit,3600,70.0885009765625,,,,0,,,,,,,
3,350,805,205,107854668,1,120.0,time_limit,3600,60.4520263671875,,,,0,,,,,,,
3,350,806,206,297693010,1,120.0,time_limit,3600,67.88787841796875,,,,0,,,,,,,
3,350,807,207,831951701,1,120.0,time_limit,3600,50.627410888671875,,,,0,,,,,,,
3,350,808,208,1706719574,1,120.0,time_limit,3600,72.90594482421875,,,,0,,,,,,,
3,350,809,209,3004250,1,120.0,time_limit,3600,71.386962890625,,,,0,,,,,,,
3,350,810,210,2028919131,1,120.0,time_limit,3600,59.09814453125,,,,0,,,,,,,
3,350,811,211,830703450,1,120.0,time_limit,3600,72.82989501953125,,,,0,,,,,,,
3,350,812,212,304901469,1,120.0,time_limit,3600,69.19085693359375,,,,0,,,,,,,
3,350,813,213,1879939425,1,120.0,time_limit,3600,72.5205078125,,,,0,,,,,,,
3,350,814,214,1554959201,1,120.0,time_limit,3600,54.16015625,,,,0,,,,,,,
3,350,815,215,693600611,1,120.0,time_limit,3600,72.6904296875,,,,0,,,,,,,
3,350,816,216,2107145571,1,120.0,time_limit,3600,62.22943115234375,,,,0,,,,,,,
3,350,817,217,1744554856,1,120.0,time_limit,3600,71.71551513671875,,,,0,,,,,,,
3,350,818,218,807206761,1,120.0,time_limit,3600,72.1971435546875,,,,0,,,,,,,
3,350,819,219,1280249194,1,120.0,time_limit,3600,66.4613037109375,,,,0,,,,,,,
3,350,820,220,1546161513,1,120.0,time_limit,3600,55.4600830078125,,,,0,,,,,,,
3,350,821,221,629408622,1,120.0,time_limit,3600,66.3734130859375,,,,0,,,,,,,
3,350,822,222,1455651695,1,120.0,time_limit,3600,64.8304443359375,,,,0,,,,,,,
3,350,823,223,162108784,1,120.0,time_limit,3600,72.350341796875,,,,0,,,,,,,
3,350,824,224,1105807728,1,120.0,time_limit,3600,72.1898193359375,,,,0,,,,,,,
3,350,825,225,372367218,1,120.0,time_limit,3600,69.57733154296875,,,,0,,,,,,,
3,350,826,226,1820514675,1,120.0,time_limit,3600,54.23388671875,,,,0,,,,,,,
3,350,827,227,692816242,1,120.0,time_limit,3600,72.92230224609375,,,,0,,,,,,,
3,350,828,228,691506037,1,120.0,time_limit,3600,67.267578125,,,,0,,,,,,,
3,350,829,229,1284772726,1,120.0,time_limit,3600,72.524169921875,,,,0,,,,,,,
3,350,830,230,946461562,1,120.0,time_limit,3600,66.36578369140625,,,,0,,,,,,,
3,350,831,231,982248827,1,120.0,time_limit,3600,72.6685791015625,,,,0,,,,,,,
3,350,832,232,1169496956,1,120.0,time_limit,3600,42.8450927734375,,,,0,,,,,,,
3,350,833,233,1163436925,1,120.0,time_limit,3600,67.97879028320312,,,,0,,,,,,,
3,350,834,234,129806720,1,120.0,time_limit,3600,72.12005615234375,,,,0,,,,,,,
3,350,835,235,1106521472,1,120.0,time_limit,3600,70.8367919921875,,,,0,,,,,,,
3,350,836,236,999917444,1,120.0,time_limit,3600,70.25473022460938,,,,0,,,,,,,
3,350,837,237,335412100,1,120.0,time_limit,3600,67.766845703125,,,,0,,,,,,,
3,350,838,238,829793668,1,120.0,time_limit,3600,66.279296875,,,,0,,,,,,,
3,350,839,239,1846310279,1,120.0,time_limit,3600,69.3453369140625,,,,0,,,,,,,
3,350,840,240,1051192711,1,120.0,time_limit,3600,45.94287109375,,,,0,,,,,,,
3,350,841,241,1955872652,1,120.0,time_limit,3600,58.4427490234375,,,,0,,,,,,,
3,350,842,242,369762189,1,120.0,time_limit,3600,72.1663818359375,,,,0,,,,,,,
3,350,843,243,1052221324,1,120.0,time_limit,3600,65.33236694335938,,,,0,,,,,,,
3,350,844,244,797675410,1,120.0,time_limit,3600,62.39447021484375,,,,0,,,,,,,
3,350,845,245,671248786,1,120.0,time_limit,3600,62.9632568359375,,,,0,,,,,,,
3,350,846,246,1812171666,1,120.0,time_limit,3600,34.84417724609375,,,,0,,,,,,,
3,350,847,247,443088277,1,120.0,time_limit,3600,62.511505126953125,,,,0,,,,,,,
3,350,848,248,297907093,1,120.0,time_limit,3600,72.09747314453125,,,,0,,,,,,,
3,350,849,249,3876247,1,120.0,time_limit,3600,72.3551025390625,,,,0,,,,,,,
3,350,850,250,1982621594,1,120.0,time_limit,3600,72.6663818359375,,,,0,,,,,,,
3,350,851,251,613152155,1,120.0,time_limit,3600,67.6533203125,,,,0,,,,,,,
3,350,852,252,362660253,1,120.0,time_limit,3600,72.49667358398438,,,,0,,,,,,,
3,350,853,253,2018797475,1,120.0,time_limit,3600,72.33966064453125,,,,0,,,,,,,
3,350,854,254,978825124,1,120.0,time_limit,3600,72.09771728515625,,,,0,,,,,,,
3,350,855,255,836868517,1,120.0,time_limit,3600,72.59954833984375,,,,0,,,,,,,
3,350,856,256,1941979556,1,120.0,time_limit,3600,69.02398681640625,,,,0,,,,,,,
3,350,857,257,269825959,1,120.0,time_limit,3600,69.35366821289062,,,,0,,,,,,,
3,350,858,258,1930768808,1,120.0,time_limit,3600,64.26461791992188,,,,0,,,,,,,
3,350,859,259,1617612199,1,120.0,time_limit,3600,60.307373046875,,,,0,,,,,,,
3,350,860,260,524842925,1,120.0,time_limit,3600,62.98956298828125,,,,0,,,,,,,
3,350,861,261,1145386926,1,120.0,time_limit,3600,64.101806640625,,,,0,,,,,,,
3,350,862,262,2065677232,1,120.0,time_limit,3600,72.09765625,,,,0,,,,,,,
3,350,863,263,51064242,1,120.0,time_limit,3600,72.25726318359375,,,,0,,,,,,,
3,350,864,264,63632307,1,120.0,time_limit,3600,73.2391357421875,,,,0,,,,,,,
3,350,865,265,756169140,1,120.0,time_limit,3600,56.36175537109375,,,,0,,,,,,,
3,350,866,266,2041315254,1,120.0,time_limit,3600,72.30874633789062,,,,0,,,,,,,
3,350,867,267,1143289785,1,120.0,time_limit,3600,72.02532958984375,,,,0,,,,,,,
3,350,868,268,1488050106,1,120.0,time_limit,3600,72.166015625,,,,0,,,,,,,
3,350,869,269,1144890302,1,120.0,time_limit,3600,66.935302734375,,,,0,,,,,,,
3,350,870,270,173517760,1,120.0,time_limit,3600,33.4744873046875,,,,0,,,,,,,
3,350,871,271,56655815,1,120.0,time_limit,3600,72.5001220703125,,,,0,,,,,,,
3,350,872,272,1675944395,1,120.0,time_limit,3600,69.75750732421875,,,,0,,,,,,,
3,350,873,273,990325707,1,120.0,time_limit,3600,70.00830078125,,,,0,,,,,,,
3,350,874,274,1308847565,1,120.0,time_limit,3600,66.60699462890625,,,,0,,,,,,,
3,350,875,275,1503294414,1,120.0,time_limit,3600,73.2960205078125,,,,0,,,,,,,
3,350,876,276,1428443087,1,120.0,time_limit,3600,74.70135498046875,,,,0,,,,,,,
3,350,877,277,748168657,1,120.0,time_limit,3600,72.04583740234375,,,,0,,,,,,,
3,350,878,278,1706068436,1,120.0,time_limit,3600,72.43124389648438,,,,0,,,,,,,
3,350,879,279,1463929303,1,120.0,time_limit,3600,69.1187744140625,,,,0,,,,,,,
3,350,880,280,533436377,1,120.0,time_limit,3600,68.0712890625,,,,0,,,,,,,
3,350,881,281,196265434,1,120.0,time_limit,3600,37.11767578125,,,,0,,,,,,,
3,350,882,282,53022681,1,120.0,time_limit,3600,63.22259521484375,,,,0,,,,,,,
3,350,883,283,639968737,1,120.0,time_limit,3600,51.5050048828125,,,,0,,,,,,,
3,350,884,284,828359139,1,120.0,time_limit,3600,72.0970458984375,,,,0,,,,,,,
3,350,885,285,1078425061,1,120.0,time_limit,3600,72.588134765625,,,,0,,,,,,,
3,350,886,286,298109926,1,120.0,time_limit,3600,65.30126953125,,,,0,,,,,,,
3,350,887,287,596198375,1,120.0,time_limit,3600,72.11837768554688,,,,0,,,,,,,
3,350,888,288,155059686,1,120.0,time_limit,3600,57.40887451171875,,,,0,,,,,,,
3,350,889,289,1142091755,1,120.0,time_limit,3600,73.0675048828125,,,,0,,,,,,,
3,350,890,290,1132072940,1,120.0,time_limit,3600,70.82284545898438,,,,0,,,,,,,
3,350,891,291,562187249,1,120.0,time_limit,3600,72.50079345703125,,,,0,,,,,,,
3,350,892,292,1263140849,1,120.0,time_limit,3600,69.5948486328125,,,,0,,,,,,,
3,350,893,293,1187999461,1,120.0,time_limit,3600,34.46014404296875,,,,0,,,,,,,
3,350,894,294,1432112630,1,120.0,time_limit,3600,68.47247314453125,,,,0,,,,,,,
3,350,895,295,1380770294,1,120.0,time_limit,3600,72.44873046875,,,,0,,,,,,,
3,350,896,296,1238919672,1,120.0,time_limit,3600,58.862548828125,,,,0,,,,,,,
3,350,897,297,1353314300,1,120.0,time_limit,3600,52.149658203125,,,,0,,,,,,,
3,350,898,298,418024957,1,120.0,time_limit,3600,72.12713623046875,,,,0,,,,,,,
3,350,899,299,401100799,1,120.0,time_limit,3600,56.5059814453125,,,,0,,,,,,,
